,AGE,SMOKING,YELLOW_FINGERS,ANXIETY,PEER_PRESSURE,CHRONIC DISEASE,FATIGUE ,ALLERGY ,WHEEZING,ALCOHOL CONSUMING,COUGHING,SHORTNESS OF BREATH,SWALLOWING DIFFICULTY,CHEST PAIN
count,20000.0,20000.0,20000.0,20000.0,20000.0,20000.0,20000.0,20000.0,20000.0,20000.0,20000.0,20000.0,20000.0,20000.0
mean,62.2028,1.5617,1.5702,1.50365,1.50265,1.5095,1.6724,1.55985,1.55335,1.55535,1.57945,1.64155,1.46955,1.552
std,8.206219547511697,0.4961909111128634,0.49505980872083577,0.4999991774581964,0.500005477743883,0.4999222400656982,0.46934982098933753,0.4964174644540124,0.4971580591791612,0.496939357403141,0.4936596828728519,0.47955718767923056,0.49908441346388294,0.49730108125588357
min,30.0,1.0,1.0,1.0,1.0,1.0,1.0,1.0,1.0,1.0,1.0,1.0,1.0,1.0
25%,57.0,1.0,1.0,1.0,1.0,1.0,1.0,1.0,1.0,1.0,1.0,1.0,1.0,1.0
50%,62.0,2.0,2.0,2.0,2.0,2.0,2.0,2.0,2.0,2.0,2.0,2.0,1.0,2.0
75%,68.0,2.0,2.0,2.0,2.0,2.0,2.0,2.0,2.0,2.0,2.0,2.0,2.0,2.0
max,87.0,2.0,2.0,2.0,2.0,2.0,2.0,2.0,2.0,2.0,2.0,2.0,2.0,2.0
